<TICKER>;<PER>;<DATE>;<TIME>;<OPEN>;<HIGH>;<LOW>;<CLOSE>;<VOL>
KRME.XXBTZUSD;D;20211112;000000;64825.1000000;65483.2000000;62300.5000000;64153.0000000;3153
KRME.XXBTZUSD;D;20211113;000000;64151.3000000;64982.5000000;63415.0000000;64393.1000000;1391
KRME.XXBTZUSD;D;20211114;000000;64394.5000000;65495.0000000;63636.0000000;65495.0000000;1480
KRME.XXBTZUSD;D;20211115;000000;65495.0000000;66349.6000000;63423.1000000;63615.8000000;2184
KRME.XXBTZUSD;D;20211116;000000;63615.8000000;63615.8000000;58630.0000000;60137.2000000;5541
KRME.XXBTZUSD;D;20211117;000000;60137.2000000;60847.0000000;58400.0000000;60367.8000000;3122
KRME.XXBTZUSD;D;20211118;000000;60368.6000000;60964.4000000;56526.2000000;56921.7000000;4582
KRME.XXBTZUSD;D;20211119;000000;56910.8000000;58384.5000000;55674.0000000;58099.6000000;2242
KRME.XXBTZUSD;D;20211120;000000;58107.2000000;59879.0000000;57435.2000000;59744.2000000;1746
KRME.XXBTZUSD;D;20211121;000000;59744.2000000;60050.0000000;58532.8000000;58646.2000000;1374
KRME.XXBTZUSD;D;20211122;000000;58660.3000000;59411.8000000;55633.6000000;56295.5000000;3919
KRME.XXBTZUSD;D;20211123;000000;56290.2000000;57850.0000000;55362.7000000;57571.4000000;3805
KRME.XXBTZUSD;D;20211124;000000;57574.0000000;57738.9000000;55909.0000000;57203.3000000;2505
KRME.XXBTZUSD;D;20211125;000000;57170.4000000;59400.0000000;57053.0000000;58932.6000000;2780
KRME.XXBTZUSD;D;20211126;000000;58955.3000000;59193.8000000;53571.0000000;53789.0000000;6087
KRME.XXBTZUSD;D;20211127;000000;53776.5000000;55314.1000000;53658.6000000;54784.9000000;2957
KRME.XXBTZUSD;D;20211128;000000;54757.5000000;57485.7000000;53300.0000000;57300.0000000;2158
KRME.XXBTZUSD;D;20211129;000000;57300.0000000;58890.0000000;56755.1000000;57830.2000000;2979
KRME.XXBTZUSD;D;20211130;000000;57830.2000000;59230.0000000;55932.6000000;56980.7000000;3881
KRME.XXBTZUSD;D;20211201;000000;57007.4000000;59090.7000000;56520.0000000;57237.9000000;4212
KRME.XXBTZUSD;D;20211202;000000;57237.2000000;57410.2000000;55848.2000000;56526.4000000;3227
KRME.XXBTZUSD;D;20211203;000000;56528.2000000;57688.9000000;51752.6000000;53678.6000000;4366
KRME.XXBTZUSD;D;20211204;000000;53675.0000000;53893.4000000;40150.1000000;49255.1000000;8936
KRME.XXBTZUSD;D;20211205;000000;49245.0000000;49750.0000000;47832.2000000;49443.3000000;3743
KRME.XXBTZUSD;D;20211206;000000;49444.0000000;50957.6000000;47210.0000000;50564.3000000;4070
KRME.XXBTZUSD;D;20211207;000000;50544.8000000;51955.0000000;50100.0000000;50650.1000000;2713
KRME.XXBTZUSD;D;20211208;000000;50650.1000000;51202.5000000;48579.3000000;50515.1000000;2997
KRME.XXBTZUSD;D;20211209;000000;50525.1000000;50819.5000000;47298.4000000;47581.6000000;2691
KRME.XXBTZUSD;D;20211210;000000;47576.4000000;50114.2000000;46888.8000000;47218.3000000;3324
KRME.XXBTZUSD;D;20211211;000000;47173.9000000;49500.0000000;46800.0000000;49367.2000000;2068
KRME.XXBTZUSD;D;20211212;000000;49406.0000000;50788.4000000;48697.8000000;50113.2000000;2022
KRME.XXBTZUSD;D;20211213;000000;50098.8000000;50219.8000000;45759.0000000;46732.2000000;4915
KRME.XXBTZUSD;D;20211214;000000;46732.2000000;48690.0000000;46313.7000000;48399.2000000;3831
KRME.XXBTZUSD;D;20211215;000000;48399.2000000;49512.5000000;46632.0000000;48881.3000000;4250
KRME.XXBTZUSD;D;20211216;000000;48881.8000000;49465.6000000;47560.0000000;47631.0000000;3345
KRME.XXBTZUSD;D;20211217;000000;47639.9000000;48001.9000000;45500.0000000;46168.3000000;3795
KRME.XXBTZUSD;D;20211218;000000;46166.6000000;47333.6000000;45520.2000000;46864.3000000;1869
KRME.XXBTZUSD;D;20211219;000000;46858.0000000;48289.0000000;46484.8000000;46688.4000000;2067
KRME.XXBTZUSD;D;20211220;000000;46687.8000000;47549.8000000;45600.0000000;46898.1000000;2989
KRME.XXBTZUSD;D;20211221;000000;46907.3000000;49321.1000000;46676.5000000;48925.9000000;3879
KRME.XXBTZUSD;D;20211222;000000;48925.9000000;49599.8000000;48491.0000000;48624.9000000;2037
KRME.XXBTZUSD;D;20211223;000000;48624.9000000;51391.2000000;48042.3000000;50818.8000000;3079
KRME.XXBTZUSD;D;20211224;000000;50818.8000000;51844.4000000;50456.0000000;50834.3000000;2363
KRME.XXBTZUSD;D;20211225;000000;50834.2000000;51154.2000000;50209.2000000;50436.0000000;1223
KRME.XXBTZUSD;D;20211226;000000;50436.1000000;51242.0000000;49427.9000000;50797.3000000;1079
KRME.XXBTZUSD;D;20211227;000000;50797.4000000;52111.0000000;50480.2000000;50687.4000000;1629
KRME.XXBTZUSD;D;20211228;000000;50687.5000000;50693.5000000;47305.5000000;47548.1000000;3522
KRME.XXBTZUSD;D;20211229;000000;47549.8000000;48123.7000000;46120.0000000;46473.2000000;2347
KRME.XXBTZUSD;D;20211230;000000;46464.5000000;47907.4000000;45930.1000000;47143.8000000;1929
KRME.XXBTZUSD;D;20211231;000000;47143.8000000;48591.6000000;45530.3000000;46150.0000000;3113
KRME.XXBTZUSD;D;20220101;000000;46150.0000000;47922.6000000;46150.0000000;47738.3000000;2134
KRME.XXBTZUSD;D;20220102;000000;47736.5000000;47950.4000000;46700.0000000;47304.6000000;1344
KRME.XXBTZUSD;D;20220103;000000;47301.2000000;47567.2000000;45707.9000000;46452.6000000;2133
KRME.XXBTZUSD;D;20220104;000000;46452.5000000;47500.0000000;45548.7000000;45858.5000000;2220
KRME.XXBTZUSD;D;20220105;000000;45858.5000000;47066.5000000;42505.0000000;43410.0000000;4070
KRME.XXBTZUSD;D;20220106;000000;43432.5000000;43748.0000000;42424.0000000;43124.4000000;4795
KRME.XXBTZUSD;D;20220107;000000;43124.5000000;43134.9000000;40666.0000000;41523.6000000;5771
KRME.XXBTZUSD;D;20220108;000000;41523.7000000;42302.4000000;40555.0000000;41693.2000000;2565
KRME.XXBTZUSD;D;20220109;000000;41693.2000000;42786.7000000;41249.7000000;41862.9000000;2007
KRME.XXBTZUSD;D;20220110;000000;41867.1000000;42239.6000000;39659.9000000;41855.3000000;4131
KRME.XXBTZUSD;D;20220111;000000;41855.2000000;43127.5000000;41315.5000000;42728.8000000;3317
KRME.XXBTZUSD;D;20220112;000000;42728.8000000;44348.5000000;42480.0000000;43927.8000000;2848
KRME.XXBTZUSD;D;20220113;000000;43927.8000000;44420.1000000;42352.0000000;42550.0000000;2960
KRME.XXBTZUSD;D;20220114;000000;42550.0000000;43473.1000000;41800.0000000;43090.0000000;2712
KRME.XXBTZUSD;D;20220115;000000;43090.0000000;43791.6000000;42600.0000000;43111.5000000;976
KRME.XXBTZUSD;D;20220116;000000;43111.5000000;43463.8000000;42614.9000000;43114.5000000;1264
KRME.XXBTZUSD;D;20220117;000000;43114.5000000;43200.6000000;41579.2000000;42248.1000000;1677
KRME.XXBTZUSD;D;20220118;000000;42248.0000000;42667.0000000;41288.0000000;42383.0000000;1862
KRME.XXBTZUSD;D;20220119;000000;42371.3000000;42577.8000000;41159.0000000;41686.2000000;1920
KRME.XXBTZUSD;D;20220120;000000;41686.2000000;43497.4000000;40577.1000000;40686.9000000;3096
KRME.XXBTZUSD;D;20220121;000000;40686.9000000;41115.7000000;35409.7000000;36468.4000000;8877
KRME.XXBTZUSD;D;20220122;000000;36446.2000000;36814.5000000;34007.7000000;35067.6000000;5383
KRME.XXBTZUSD;D;20220123;000000;35070.8000000;36500.0000000;34613.3000000;36277.5000000;2386
KRME.XXBTZUSD;D;20220124;000000;36270.1000000;37500.0000000;32940.1000000;36699.5000000;7640
KRME.XXBTZUSD;D;20220125;000000;36699.5000000;37552.8000000;35685.3000000;36987.8000000;3187
KRME.XXBTZUSD;D;20220126;000000;36994.6000000;38899.9000000;36251.2000000;36827.6000000;5526
KRME.XXBTZUSD;D;20220127;000000;36827.7000000;37242.5000000;35548.5000000;37200.5000000;4276
KRME.XXBTZUSD;D;20220128;000000;37168.0000000;37999.9000000;36172.3000000;37737.9000000;2663
KRME.XXBTZUSD;D;20220129;000000;37735.7000000;38719.5000000;37275.7000000;38164.9000000;1738
KRME.XXBTZUSD;D;20220130;000000;38188.3000000;38358.0000000;37389.0000000;37930.1000000;1038
KRME.XXBTZUSD;D;20220131;000000;37914.0000000;38786.0000000;36667.5000000;38512.1000000;2521
KRME.XXBTZUSD;D;20220201;000000;38512.0000000;39290.0000000;38050.0000000;38719.9000000;3336
KRME.XXBTZUSD;D;20220202;000000;38721.4000000;38878.8000000;36600.0000000;36903.3000000;2726
KRME.XXBTZUSD;D;20220203;000000;36921.5000000;37389.0000000;36269.8000000;37324.4000000;1722
KRME.XXBTZUSD;D;20220204;000000;37324.3000000;41774.0000000;37073.9000000;41585.5000000;4270
KRME.XXBTZUSD;D;20220205;000000;41597.2000000;41926.4000000;40883.7000000;41419.0000000;2211
KRME.XXBTZUSD;D;20220206;000000;41419.0000000;42694.5000000;41141.9000000;42419.5000000;1818
KRME.XXBTZUSD;D;20220207;000000;42426.1000000;44528.6000000;41697.4000000;43867.2000000;4598
KRME.XXBTZUSD;D;20220208;000000;43873.1000000;45500.0000000;42709.6000000;44079.1000000;3421
KRME.XXBTZUSD;D;20220209;000000;44083.1000000;44831.0000000;43187.2000000;44420.0000000;3210
KRME.XXBTZUSD;D;20220210;000000;44420.1000000;45900.0000000;43228.0000000;43537.5000000;5479
KRME.XXBTZUSD;D;20220211;000000;43537.5000000;43944.9000000;42000.0000000;42400.2000000;3361
KRME.XXBTZUSD;D;20220212;000000;42400.1000000;43038.2000000;41760.6000000;42241.0000000;1940
KRME.XXBTZUSD;D;20220213;000000;42241.1000000;42768.5000000;41893.1000000;42062.6000000;1125
KRME.XXBTZUSD;D;20220214;000000;42062.5000000;42852.0000000;41573.1000000;42563.5000000;1918
KRME.XXBTZUSD;D;20220215;000000;42563.4000000;44770.8000000;42469.6000000;44563.1000000;2191
KRME.XXBTZUSD;D;20220216;000000;44563.1000000;44580.2000000;43236.5000000;43873.1000000;1753
KRME.XXBTZUSD;D;20220217;000000;43873.0000000;44179.4000000;40100.0000000;40543.9000000;3690
KRME.XXBTZUSD;D;20220218;000000;40547.4000000;40957.3000000;39455.6000000;40007.4000000;2829
KRME.XXBTZUSD;D;20220219;000000;40007.4000000;40450.0000000;39669.9000000;40095.8000000;883
KRME.XXBTZUSD;D;20220220;000000;40094.3000000;40135.1000000;38000.0000000;38400.0000000;2788
KRME.XXBTZUSD;D;20220221;000000;38400.1000000;39490.9000000;36782.6000000;37019.2000000;4648
KRME.XXBTZUSD;D;20220222;000000;37024.2000000;38418.6000000;36366.0000000;38256.3000000;3384
KRME.XXBTZUSD;D;20220223;000000;38256.3000000;39250.0000000;37086.6000000;37250.1000000;3228
KRME.XXBTZUSD;D;20220224;000000;37250.1000000;39739.9000000;34333.2000000;38340.8000000;10271
KRME.XXBTZUSD;D;20220225;000000;38343.6000000;39700.0000000;38032.3000000;39233.5000000;3275
KRME.XXBTZUSD;D;20220226;000000;39233.5000000;40277.9000000;38601.4000000;39120.2000000;2105
KRME.XXBTZUSD;D;20220227;000000;39120.2000000;39888.0000000;37029.8000000;37709.1000000;3516
KRME.XXBTZUSD;D;20220228;000000;37709.2000000;44194.2000000;37447.6000000;43194.7000000;7314
KRME.XXBTZUSD;D;20220301;000000;43188.4000000;44955.9000000;42841.4000000;44427.9000000;7672
KRME.XXBTZUSD;D;20220302;000000;44428.0000000;45349.0000000;43357.1000000;43922.5000000;5010
KRME.XXBTZUSD;D;20220303;000000;43922.2000000;44085.4000000;41822.8000000;42465.0000000;4385
KRME.XXBTZUSD;D;20220304;000000;42465.0000000;42499.9000000;38586.3000000;39137.5000000;7394
KRME.XXBTZUSD;D;20220305;000000;39137.4000000;39624.6000000;38618.6000000;39396.4000000;1543
KRME.XXBTZUSD;D;20220306;000000;39396.3000000;39678.9000000;38114.2000000;38416.3000000;2535
KRME.XXBTZUSD;D;20220307;000000;38420.4000000;39545.0000000;37159.4000000;38024.0000000;4162
KRME.XXBTZUSD;D;20220308;000000;38009.8000000;39373.0000000;37888.0000000;38752.6000000;3727
KRME.XXBTZUSD;D;20220309;000000;38752.6000000;42590.6000000;38682.0000000;41965.3000000;5254
KRME.XXBTZUSD;D;20220310;000000;41959.0000000;42041.8000000;38576.0000000;39435.8000000;4644
KRME.XXBTZUSD;D;20220311;000000;39435.8000000;40222.4000000;38251.5000000;38732.1000000;3505
KRME.XXBTZUSD;D;20220312;000000;38727.7000000;39499.8000000;38699.0000000;38785.0000000;1553
KRME.XXBTZUSD;D;20220313;000000;38785.0000000;39300.0000000;37593.9000000;37788.4000000;2300
KRME.XXBTZUSD;D;20220314;000000;37783.7000000;39899.8000000;37584.5000000;39689.2000000;3451
KRME.XXBTZUSD;D;20220315;000000;39689.2000000;39900.0000000;38170.0000000;39325.4000000;2580
KRME.XXBTZUSD;D;20220316;000000;39321.7000000;41706.8000000;38807.5000000;41124.0000000;6599
KRME.XXBTZUSD;D;20220317;000000;41129.9000000;41469.1000000;40549.1000000;40945.6000000;2322
KRME.XXBTZUSD;D;20220318;000000;40941.1000000;42368.6000000;40179.1000000;41775.1000000;2584
KRME.XXBTZUSD;D;20220319;000000;41778.7000000;42379.6000000;41537.5000000;42218.0000000;1298
KRME.XXBTZUSD;D;20220320;000000;42218.0000000;42308.2000000;40945.0000000;41289.0000000;1967
KRME.XXBTZUSD;D;20220321;000000;41286.1000000;41572.4000000;40510.1000000;41014.3000000;1954
KRME.XXBTZUSD;D;20220322;000000;41014.3000000;43402.6000000;40916.3000000;42377.8000000;3337
KRME.XXBTZUSD;D;20220323;000000;42377.7000000;43010.6000000;41811.1000000;42910.3000000;2208
KRME.XXBTZUSD;D;20220324;000000;42910.2000000;44246.9000000;42637.4000000;43989.0000000;2598
KRME.XXBTZUSD;D;20220325;000000;43989.0000000;45105.0000000;43604.8000000;44315.5000000;3654
KRME.XXBTZUSD;D;20220326;000000;44315.5000000;44800.0000000;44135.1000000;44548.0000000;1165
KRME.XXBTZUSD;D;20220327;000000;44547.2000000;46976.1000000;44439.4000000;46855.2000000;1896
KRME.XXBTZUSD;D;20220328;000000;46855.3000000;48200.0000000;46683.5000000;47137.9000000;3417
KRME.XXBTZUSD;D;20220329;000000;47138.3000000;48123.0000000;46912.5000000;47440.2000000;1877
KRME.XXBTZUSD;D;20220330;000000;47440.3000000;47707.9000000;46570.6000000;47059.3000000;1737
KRME.XXBTZUSD;D;20220331;000000;47079.2000000;47598.0000000;45250.0000000;45524.3000000;2320
KRME.XXBTZUSD;D;20220401;000000;45523.5000000;46710.9000000;44257.6000000;46312.0000000;4181
KRME.XXBTZUSD;D;20220402;000000;46312.0000000;47200.0000000;45666.1000000;45828.6000000;1420
KRME.XXBTZUSD;D;20220403;000000;45828.6000000;47444.9000000;45566.0000000;46423.4000000;1246
KRME.XXBTZUSD;D;20220404;000000;46424.2000000;46888.0000000;45153.0000000;46617.1000000;1911
KRME.XXBTZUSD;D;20220405;000000;46617.1000000;47188.4000000;45377.0000000;45479.2000000;1883
KRME.XXBTZUSD;D;20220406;000000;45498.3000000;45534.3000000;43123.7000000;43179.4000000;4589
KRME.XXBTZUSD;D;20220407;000000;43179.5000000;43920.8000000;42750.0000000;43469.8000000;1565
KRME.XXBTZUSD;D;20220408;000000;43469.8000000;43968.7000000;42126.0000000;42282.6000000;2239
KRME.XXBTZUSD;D;20220409;000000;42282.6000000;42805.1000000;42111.0000000;42764.0000000;622
KRME.XXBTZUSD;D;20220410;000000;42781.7000000;43416.4000000;41805.4000000;42160.0000000;1121
KRME.XXBTZUSD;D;20220411;000000;42164.9000000;42411.0000000;39240.0000000;39534.6000000;3301
KRME.XXBTZUSD;D;20220412;000000;39530.5000000;40683.4000000;39269.4000000;40078.7000000;2170
KRME.XXBTZUSD;D;20220413;000000;40078.7000000;41548.4000000;39598.0000000;41150.0000000;2414
KRME.XXBTZUSD;D;20220414;000000;41150.0000000;41480.0000000;39600.0000000;39954.9000000;1895
KRME.XXBTZUSD;D;20220415;000000;39953.7000000;40890.3000000;39800.0000000;40569.9000000;1177
KRME.XXBTZUSD;D;20220416;000000;40570.0000000;40708.8000000;40011.9000000;40381.0000000;589
KRME.XXBTZUSD;D;20220417;000000;40381.1000000;40652.8000000;39556.0000000;39681.2000000;982
KRME.XXBTZUSD;D;20220418;000000;39680.5000000;41067.3000000;38570.0000000;40811.3000000;2627
KRME.XXBTZUSD;D;20220419;000000;40811.3000000;41825.8000000;40600.0000000;41506.2000000;1433
KRME.XXBTZUSD;D;20220420;000000;41506.2000000;42235.7000000;40900.8000000;41369.9000000;1847
KRME.XXBTZUSD;D;20220421;000000;41370.0000000;42950.0000000;39800.6000000;40484.1000000;3323
KRME.XXBTZUSD;D;20220422;000000;40479.1000000;40791.3000000;39139.0000000;39715.9000000;2215
KRME.XXBTZUSD;D;20220423;000000;39713.5000000;39958.4000000;39310.0000000;39435.6000000;814
KRME.XXBTZUSD;D;20220424;000000;39439.3000000;39911.0000000;39015.8000000;39467.9000000;1139
KRME.XXBTZUSD;D;20220425;000000;39456.7000000;40614.5000000;38200.5000000;40438.5000000;4131
KRME.XXBTZUSD;D;20220426;000000;40438.4000000;40776.9000000;37672.0000000;38121.7000000;4451
KRME.XXBTZUSD;D;20220427;000000;38121.7000000;39446.8000000;37909.4000000;39249.9000000;3385
KRME.XXBTZUSD;D;20220428;000000;39249.9000000;40349.8000000;38884.4000000;39752.8000000;3135
KRME.XXBTZUSD;D;20220429;000000;39749.8000000;39920.7000000;38131.8000000;38599.5000000;2451
KRME.XXBTZUSD;D;20220430;000000;38597.5000000;38777.4000000;37608.7000000;37660.8000000;1090
KRME.XXBTZUSD;D;20220501;000000;37660.7000000;38660.0000000;37399.4000000;38474.1000000;1634
KRME.XXBTZUSD;D;20220502;000000;38470.8000000;39169.4000000;38011.0000000;38499.9000000;2642
KRME.XXBTZUSD;D;20220503;000000;38499.9000000;38645.1000000;37507.9000000;37727.9000000;1875
KRME.XXBTZUSD;D;20220504;000000;37727.9000000;40029.8000000;37674.8000000;39682.8000000;3073
KRME.XXBTZUSD;D;20220505;000000;39677.6000000;39832.0000000;35407.0000000;36542.6000000;5104
KRME.XXBTZUSD;D;20220506;000000;36540.4000000;36647.0000000;35280.0000000;36017.4000000;2898
KRME.XXBTZUSD;D;20220507;000000;36017.4000000;36105.9000000;34755.0000000;35463.0000000;1293
KRME.XXBTZUSD;D;20220508;000000;35463.1000000;35495.0000000;33700.0000000;34024.2000000;3717
KRME.XXBTZUSD;D;20220509;000000;34028.3000000;34214.1000000;30050.0000000;30075.5000000;11297
KRME.XXBTZUSD;D;20220510;000000;30052.6000000;32648.6000000;29755.0000000;30999.9000000;10419
KRME.XXBTZUSD;D;20220511;000000;30999.9000000;32132.0000000;27700.0000000;28994.1000000;14866
KRME.XXBTZUSD;D;20220512;000000;28998.2000000;30075.9000000;25332.8000000;28943.4000000;12159
KRME.XXBTZUSD;D;20220513;000000;28943.5000000;30966.0000000;28684.5000000;29222.6000000;4290
KRME.XXBTZUSD;D;20220514;000000;29232.8000000;30264.0000000;28600.5000000;30048.2000000;2750
KRME.XXBTZUSD;D;20220515;000000;30051.7000000;31390.0000000;29452.6000000;31296.9000000;1580
KRME.XXBTZUSD;D;20220516;000000;31294.5000000;31294.5000000;29060.0000000;29826.1000000;3703
KRME.XXBTZUSD;D;20220517;000000;29826.1000000;30742.0000000;29403.0000000;30408.3000000;2811
KRME.XXBTZUSD;D;20220518;000000;30408.4000000;30653.1000000;28589.1000000;28664.3000000;4178
KRME.XXBTZUSD;D;20220519;000000;28657.6000000;30503.7000000;28649.2000000;30280.7000000;3723
KRME.XXBTZUSD;D;20220520;000000;30283.7000000;30721.2000000;28700.1000000;29167.5000000;3718
KRME.XXBTZUSD;D;20220521;000000;29161.6000000;29606.3000000;28927.3000000;29403.5000000;1030
KRME.XXBTZUSD;D;20220522;000000;29394.4000000;30500.0000000;29225.7000000;30268.0000000;1862
KRME.XXBTZUSD;D;20220523;000000;30264.4000000;30630.7000000;28829.5000000;29070.0000000;3027
KRME.XXBTZUSD;D;20220524;000000;29070.0000000;29819.7000000;28635.3000000;29631.8000000;2806
KRME.XXBTZUSD;D;20220525;000000;29628.0000000;30188.9000000;29309.0000000;29520.3000000;2831
KRME.XXBTZUSD;D;20220526;000000;29519.4000000;29854.0000000;27505.0000000;29186.9000000;4963
KRME.XXBTZUSD;D;20220527;000000;29165.9000000;29386.5000000;28250.0000000;28580.0000000;4411
KRME.XXBTZUSD;D;20220528;000000;28580.0000000;29229.0000000;28500.1000000;29020.0000000;1175
KRME.XXBTZUSD;D;20220529;000000;29020.1000000;29555.0000000;28820.0000000;29450.4000000;1292
KRME.XXBTZUSD;D;20220530;000000;29450.5000000;32186.4000000;29281.8000000;31711.7000000;5654
KRME.XXBTZUSD;D;20220531;000000;31710.4000000;32400.0000000;31183.7000000;31780.9000000;3471
KRME.XXBTZUSD;D;20220601;000000;31781.0000000;31929.0000000;29328.6000000;29790.0000000;5171
KRME.XXBTZUSD;D;20220602;000000;29790.0000000;31449.2000000;29572.8000000;30427.0000000;2470
KRME.XXBTZUSD;D;20220603;000000;30431.3000000;30658.9000000;29255.0000000;29676.4000000;2473
KRME.XXBTZUSD;D;20220604;000000;29676.4000000;29954.5000000;29450.1000000;29850.0000000;783
KRME.XXBTZUSD;D;20220605;000000;29850.8000000;30162.4000000;29514.0000000;29907.6000000;964
KRME.XXBTZUSD;D;20220606;000000;29907.6000000;31725.6000000;29881.9000000;31356.3000000;3447
KRME.XXBTZUSD;D;20220607;000000;31353.1000000;31550.0000000;29200.2000000;31098.6000000;5749
KRME.XXBTZUSD;D;20220608;000000;31097.2000000;31296.5000000;29848.0000000;30190.8000000;2830
KRME.XXBTZUSD;D;20220609;000000;30190.8000000;30666.0000000;29892.2000000;30075.3000000;1940
KRME.XXBTZUSD;D;20220610;000000;30085.3000000;30327.6000000;28845.2000000;29054.9000000;4353
KRME.XXBTZUSD;D;20220611;000000;29056.2000000;29411.7000000;28095.9000000;28380.2000000;2318
KRME.XXBTZUSD;D;20220612;000000;28395.9000000;28500.8000000;26506.5000000;26569.6000000;3667
KRME.XXBTZUSD;D;20220613;000000;26542.2000000;26853.2000000;21930.4000000;22460.1000000;17333
KRME.XXBTZUSD;D;20220614;000000;22460.0000000;23309.0000000;20824.0000000;22111.0000000;10473
KRME.XXBTZUSD;D;20220615;000000;22115.0000000;22773.3000000;20089.0000000;22559.6000000;14784
KRME.XXBTZUSD;D;20220616;000000;22557.0000000;22950.0000000;20200.0000000;20366.3000000;7892
KRME.XXBTZUSD;D;20220617;000000;20366.3000000;21327.2000000;20231.3000000;20432.9000000;6404
KRME.XXBTZUSD;D;20220618;000000;20440.3000000;20740.1000000;17600.0000000;18950.0000000;13006
KRME.XXBTZUSD;D;20220619;000000;18950.0000000;20799.9000000;17911.0000000;20555.5000000;9586
KRME.XXBTZUSD;D;20220620;000000;20550.1000000;21038.3000000;19625.0000000;20550.0000000;7167
KRME.XXBTZUSD;D;20220621;000000;20551.2000000;21698.9000000;20323.6000000;20701.9000000;5232
KRME.XXBTZUSD;D;20220622;000000;20704.1000000;20860.1000000;19750.0000000;19951.3000000;6092
KRME.XXBTZUSD;D;20220623;000000;19951.3000000;21200.0000000;19880.4000000;21086.7000000;3813
KRME.XXBTZUSD;D;20220624;000000;21090.8000000;21534.5000000;20731.1000000;21210.7000000;4923
KRME.XXBTZUSD;D;20220625;000000;21221.6000000;21589.0000000;20888.8000000;21474.5000000;1836
KRME.XXBTZUSD;D;20220626;000000;21476.8000000;21867.0000000;20957.0000000;21023.3000000;1913
KRME.XXBTZUSD;D;20220627;000000;21023.4000000;21528.7000000;20505.5000000;20716.3000000;3974
KRME.XXBTZUSD;D;20220628;000000;20716.3000000;21188.5000000;20165.3000000;20251.6000000;3251
KRME.XXBTZUSD;D;20220629;000000;20252.5000000;20397.0000000;19828.7000000;20086.2000000;4367
KRME.XXBTZUSD;D;20220630;000000;20094.0000000;20139.8000000;18617.5000000;19949.9000000;5392
KRME.XXBTZUSD;D;20220701;000000;19949.8000000;20878.3000000;18950.0000000;19245.3000000;5954
KRME.XXBTZUSD;D;20220702;000000;19250.8000000;19430.4000000;18969.6000000;19226.9000000;1293
KRME.XXBTZUSD;D;20220703;000000;19226.9000000;19684.3000000;18738.6000000;19293.5000000;2227
KRME.XXBTZUSD;D;20220704;000000;19292.8000000;20325.0000000;19033.6000000;20207.5000000;3479
KRME.XXBTZUSD;D;20220705;000000;20210.8000000;20732.1000000;19300.0000000;20169.1000000;5162
KRME.XXBTZUSD;D;20220706;000000;20169.0000000;20583.0000000;19750.1000000;20542.7000000;3214
KRME.XXBTZUSD;D;20220707;000000;20541.0000000;21826.0000000;20236.5000000;21615.4000000;5511
KRME.XXBTZUSD;D;20220708;000000;21617.6000000;22498.0000000;21183.9000000;21582.6000000;5110
KRME.XXBTZUSD;D;20220709;000000;21580.9000000;21955.0000000;21316.7000000;21579.1000000;1662
KRME.XXBTZUSD;D;20220710;000000;21581.7000000;21590.6000000;20620.3000000;20830.3000000;2744
KRME.XXBTZUSD;D;20220711;000000;20830.3000000;20847.4000000;19870.5000000;19947.0000000;3526
KRME.XXBTZUSD;D;20220712;000000;19943.3000000;20036.3000000;19214.1000000;19307.9000000;3986
KRME.XXBTZUSD;D;20220713;000000;19305.8000000;20332.3000000;18900.0000000;20233.6000000;5490
KRME.XXBTZUSD;D;20220714;000000;20222.3000000;20894.5000000;19609.4000000;20573.7000000;4242
KRME.XXBTZUSD;D;20220715;000000;20575.3000000;21178.0000000;20375.3000000;20825.3000000;3351
KRME.XXBTZUSD;D;20220716;000000;20824.8000000;21566.4000000;20480.0000000;21204.4000000;3421
KRME.XXBTZUSD;D;20220717;000000;21190.3000000;21664.7000000;20748.7000000;20793.2000000;2455
KRME.XXBTZUSD;D;20220718;000000;20790.9000000;22766.2000000;20769.3000000;22450.1000000;7082
KRME.XXBTZUSD;D;20220719;000000;22450.0000000;23782.9000000;21600.0000000;23411.0000000;8067
KRME.XXBTZUSD;D;20220720;000000;23411.0000000;24264.6000000;22905.6000000;23242.4000000;6719
KRME.XXBTZUSD;D;20220721;000000;23220.8000000;23428.8000000;22351.1000000;23155.6000000;4328
KRME.XXBTZUSD;D;20220722;000000;23152.3000000;23744.0000000;22517.3000000;22688.0000000;3900
KRME.XXBTZUSD;D;20220723;000000;22688.0000000;22998.5000000;21950.3000000;22461.8000000;2665
KRME.XXBTZUSD;D;20220724;000000;22461.5000000;23000.0000000;22264.6000000;22584.2000000;2840
KRME.XXBTZUSD;D;20220725;000000;22586.1000000;22660.9000000;21252.5000000;21299.7000000;3794
KRME.XXBTZUSD;D;20220726;000000;21299.7000000;21325.0000000;20696.0000000;21264.4000000;4306
KRME.XXBTZUSD;D;20220727;000000;21264.4000000;23100.0000000;21048.1000000;22964.3000000;5695
KRME.XXBTZUSD;D;20220728;000000;22965.3000000;24198.8000000;22487.9000000;23858.7000000;6009
KRME.XXBTZUSD;D;20220729;000000;23850.3000000;24499.3000000;23442.9000000;23776.3000000;4585
KRME.XXBTZUSD;D;20220730;000000;23784.6000000;24699.8000000;23525.6000000;23642.9000000;3210
KRME.XXBTZUSD;D;20220731;000000;23646.5000000;24175.0000000;23251.2000000;23321.0000000;2351
KRME.XXBTZUSD;D;20220801;000000;23321.1000000;23524.8000000;22866.4000000;23275.0000000;3186
KRME.XXBTZUSD;D;20220802;000000;23275.0000000;23469.1000000;22649.1000000;22994.0000000;3521
KRME.XXBTZUSD;D;20220803;000000;22994.0000000;23650.0000000;22700.0000000;22827.9000000;4136
KRME.XXBTZUSD;D;20220804;000000;22827.7000000;23225.0000000;22400.0000000;22622.5000000;3218
KRME.XXBTZUSD;D;20220805;000000;22621.6000000;23477.7000000;22592.5000000;23325.7000000;5273
KRME.XXBTZUSD;D;20220806;000000;23313.9000000;23341.8000000;22926.0000000;22955.7000000;1677
KRME.XXBTZUSD;D;20220807;000000;22960.8000000;23400.0000000;22845.7000000;23179.5000000;1858
KRME.XXBTZUSD;D;20220808;000000;23179.5000000;24285.3000000;23168.2000000;23822.3000000;3649
KRME.XXBTZUSD;D;20220809;000000;23819.2000000;23911.3000000;22890.3000000;23162.4000000;2969
KRME.XXBTZUSD;D;20220810;000000;23162.4000000;24200.0000000;22685.0000000;23958.8000000;5640
KRME.XXBTZUSD;D;20220811;000000;23960.0000000;24901.0000000;23862.1000000;23956.2000000;4554
KRME.XXBTZUSD;D;20220812;000000;23956.2000000;24472.4000000;23600.0000000;24416.7000000;3187
KRME.XXBTZUSD;D;20220813;000000;24416.7000000;24887.3000000;24304.4000000;24446.0000000;2445
KRME.XXBTZUSD;D;20220814;000000;24452.0000000;25045.7000000;24168.0000000;24313.6000000;2007
KRME.XXBTZUSD;D;20220815;000000;24315.3000000;25200.0000000;23789.5000000;24107.4000000;3987
KRME.XXBTZUSD;D;20220816;000000;24102.9000000;24249.6000000;23673.1000000;23867.0000000;4075
KRME.XXBTZUSD;D;20220817;000000;23867.0000000;24438.0000000;23193.1000000;23336.2000000;4532
KRME.XXBTZUSD;D;20220818;000000;23336.2000000;23590.0000000;23106.4000000;23192.3000000;1905
KRME.XXBTZUSD;D;20220819;000000;23192.4000000;23192.4000000;20805.0000000;20832.2000000;6697
KRME.XXBTZUSD;D;20220820;000000;20833.2000000;21368.4000000;20778.0000000;21139.9000000;2228
KRME.XXBTZUSD;D;20220821;000000;21139.8000000;21812.8000000;21062.9000000;21514.4000000;2572
KRME.XXBTZUSD;D;20220822;000000;21517.7000000;21521.1000000;20904.7000000;21410.4000000;2751
KRME.XXBTZUSD;D;20220823;000000;21410.3000000;21660.0000000;20900.0000000;21524.0000000;2659
KRME.XXBTZUSD;D;20220824;000000;21523.6000000;21904.4000000;21157.6000000;21375.1000000;2331
KRME.XXBTZUSD;D;20220825;000000;21375.0000000;21811.9000000;21320.4000000;21566.0000000;1888
KRME.XXBTZUSD;D;20220826;000000;21561.3000000;21875.0000000;20097.5000000;20251.9000000;5813
KRME.XXBTZUSD;D;20220827;000000;20241.9000000;20362.5000000;19829.1000000;20032.7000000;2075
KRME.XXBTZUSD;D;20220828;000000;20032.9000000;20154.8000000;19525.8000000;19539.8000000;1841
KRME.XXBTZUSD;D;20220829;000000;19539.8000000;20413.0000000;19539.7000000;20296.4000000;3340
KRME.XXBTZUSD;D;20220830;000000;20290.6000000;20576.4000000;19555.0000000;19812.4000000;4000
KRME.XXBTZUSD;D;20220831;000000;19814.2000000;20473.4000000;19814.2000000;20052.6000000;4013
KRME.XXBTZUSD;D;20220901;000000;20049.4000000;20195.0000000;19560.0000000;20127.8000000;2830
KRME.XXBTZUSD;D;20220902;000000;20127.8000000;20434.9000000;19764.3000000;19954.6000000;3595
KRME.XXBTZUSD;D;20220903;000000;19954.0000000;20047.4000000;19655.6000000;19834.9000000;1410
KRME.XXBTZUSD;D;20220904;000000;19833.3000000;20010.0000000;19601.0000000;19995.8000000;1309
KRME.XXBTZUSD;D;20220905;000000;20000.0000000;20045.0000000;19642.9000000;19790.5000000;2418
KRME.XXBTZUSD;D;20220906;000000;19790.3000000;20171.2000000;18670.0000000;18792.9000000;7780
KRME.XXBTZUSD;D;20220907;000000;18791.0000000;19457.0000000;18550.0000000;19283.1000000;3925
KRME.XXBTZUSD;D;20220908;000000;19292.8000000;19441.8000000;19015.0000000;19322.1000000;2781
KRME.XXBTZUSD;D;20220909;000000;19322.5000000;21585.1000000;19309.4000000;21375.4000000;6608
KRME.XXBTZUSD;D;20220910;000000;21373.3000000;21800.0000000;21121.6000000;21650.4000000;2229
KRME.XXBTZUSD;D;20220911;000000;21656.6000000;21850.2000000;21363.2000000;21844.6000000;1949
KRME.XXBTZUSD;D;20220912;000000;21835.6000000;22475.0000000;21564.6000000;22401.3000000;4241
KRME.XXBTZUSD;D;20220913;000000;22397.8000000;22790.0000000;19863.2000000;20173.6000000;9153
KRME.XXBTZUSD;D;20220914;000000;20172.8000000;20525.0000000;19619.5000000;20233.0000000;4155
KRME.XXBTZUSD;D;20220915;000000;20230.6000000;20335.7000000;19509.3000000;19700.6000000;3131
KRME.XXBTZUSD;D;20220916;000000;19700.0000000;19888.3000000;19326.9000000;19795.3000000;3661
KRME.XXBTZUSD;D;20220917;000000;19795.4000000;20197.8000000;19757.0000000;20118.0000000;1890
KRME.XXBTZUSD;D;20220918;000000;20117.1000000;20119.5000000;19355.0000000;19427.0000000;2463
KRME.XXBTZUSD;D;20220919;000000;19426.9000000;19678.6000000;18223.9000000;19539.8000000;5171
KRME.XXBTZUSD;D;20220920;000000;19535.0000000;19629.1000000;18731.1000000;18870.0000000;3495
KRME.XXBTZUSD;D;20220921;000000;18869.9000000;19888.0000000;18138.4000000;18469.2000000;8200
KRME.XXBTZUSD;D;20220922;000000;18468.0000000;19500.0000000;18372.6000000;19409.1000000;3387
KRME.XXBTZUSD;D;20220923;000000;19409.0000000;19479.8000000;18543.0000000;19289.0000000;4123
KRME.XXBTZUSD;D;20220924;000000;19287.7000000;19299.0000000;18805.1000000;18928.3000000;1585
KRME.XXBTZUSD;D;20220925;000000;18928.2000000;19175.0000000;18645.9000000;18801.5000000;1829
KRME.XXBTZUSD;D;20220926;000000;18805.6000000;19307.7000000;18695.9000000;19228.1000000;4007
KRME.XXBTZUSD;D;20220927;000000;19226.8000000;20383.0000000;18833.7000000;19090.1000000;9141
KRME.XXBTZUSD;D;20220928;000000;19090.0000000;19773.3000000;18487.5000000;19400.0000000;10143
KRME.XXBTZUSD;D;20220929;000000;19400.0000000;19647.8000000;18849.1000000;19600.1000000;5282
KRME.XXBTZUSD;D;20220930;000000;19600.0000000;20177.1000000;19150.0000000;19425.2000000;8328
KRME.XXBTZUSD;D;20221001;000000;19425.1000000;19478.6000000;19172.0000000;19316.1000000;1681
KRME.XXBTZUSD;D;20221002;000000;19316.1000000;19393.7000000;18937.0000000;19057.8000000;1799
KRME.XXBTZUSD;D;20221003;000000;19060.4000000;19700.0000000;18985.7000000;19639.6000000;3506
KRME.XXBTZUSD;D;20221004;000000;19631.4000000;20475.0000000;19508.2000000;20347.9000000;5668
KRME.XXBTZUSD;D;20221005;000000;20340.9000000;20360.9000000;19754.3000000;20162.7000000;3852
KRME.XXBTZUSD;D;20221006;000000;20163.1000000;20449.8000000;19872.7000000;19955.8000000;3542
KRME.XXBTZUSD;D;20221007;000000;19955.8000000;20054.7000000;19338.4000000;19532.8000000;3678
KRME.XXBTZUSD;D;20221008;000000;19532.8000000;19615.0000000;19249.7000000;19417.5000000;1338
KRME.XXBTZUSD;D;20221009;000000;19420.0000000;19559.5000000;19335.0000000;19443.5000000;904
KRME.XXBTZUSD;D;20221010;000000;19443.5000000;19520.0000000;19040.0000000;19132.1000000;2624
KRME.XXBTZUSD;D;20221011;000000;19132.1000000;19259.4000000;18860.0000000;19050.0000000;3504
KRME.XXBTZUSD;D;20221012;000000;19050.0000000;19240.3000000;18937.3000000;19155.9000000;2166
KRME.XXBTZUSD;D;20221013;000000;19155.8000000;19498.0000000;18163.1000000;19385.5000000;8198
KRME.XXBTZUSD;D;20221014;000000;19385.4000000;19939.4000000;19083.2000000;19182.9000000;4997
KRME.XXBTZUSD;D;20221015;000000;19182.4000000;19220.0000000;19000.0000000;19068.0000000;1510
KRME.XXBTZUSD;D;20221016;000000;19070.6000000;19420.7000000;19066.8000000;19261.7000000;1539
KRME.XXBTZUSD;D;20221017;000000;19261.8000000;19667.6000000;19160.0000000;19550.9000000;3303
KRME.XXBTZUSD;D;20221018;000000;19549.8000000;19696.9000000;19110.0000000;19330.6000000;3216
KRME.XXBTZUSD;D;20221019;000000;19329.1000000;19355.7000000;19071.2000000;19124.1000000;2170
KRME.XXBTZUSD;D;20221020;000000;19124.1000000;19344.3000000;18900.3000000;19045.2000000;2850
KRME.XXBTZUSD;D;20221021;000000;19045.2000000;19243.9000000;18657.1000000;19171.4000000;3345
KRME.XXBTZUSD;D;20221022;000000;19175.7000000;19250.0000000;19123.1000000;19206.0000000;592
KRME.XXBTZUSD;D;20221023;000000;19206.0000000;19679.7000000;19080.2000000;19569.9000000;2133
KRME.XXBTZUSD;D;20221024;000000;19570.0000000;19591.3000000;19158.2000000;19332.2000000;2852
KRME.XXBTZUSD;D;20221025;000000;19330.6000000;20400.0000000;19230.4000000;20085.2000000;6739
KRME.XXBTZUSD;D;20221026;000000;20085.3000000;21021.2000000;20071.1000000;20775.9000000;4884
KRME.XXBTZUSD;D;20221027;000000;20775.9000000;20871.3000000;20150.1000000;20286.4000000;4064
KRME.XXBTZUSD;D;20221028;000000;20286.4000000;20743.0000000;20016.3000000;20603.8000000;3852
KRME.XXBTZUSD;D;20221029;000000;20600.7000000;21074.4000000;20565.4000000;20813.6000000;2053
KRME.XXBTZUSD;D;20221030;000000;20813.8000000;20925.0000000;20525.0000000;20625.0000000;1600
KRME.XXBTZUSD;D;20221031;000000;20625.0000000;20823.0000000;20250.1000000;20499.7000000;3144
KRME.XXBTZUSD;D;20221101;000000;20498.0000000;20677.0000000;20339.4000000;20486.5000000;1732
KRME.XXBTZUSD;D;20221102;000000;20486.4000000;20864.3000000;20059.8000000;20153.5000000;3922
KRME.XXBTZUSD;D;20221103;000000;20153.5000000;20383.0000000;20050.0000000;20209.1000000;2858
KRME.XXBTZUSD;D;20221104;000000;20209.3000000;21333.3000000;20185.4000000;21148.7000000;4468
KRME.XXBTZUSD;D;20221105;000000;21149.4000000;21469.3000000;21088.3000000;21299.5000000;1531
KRME.XXBTZUSD;D;20221106;000000;21300.1000000;21360.0000000;20900.0000000;20910.8000000;1316
KRME.XXBTZUSD;D;20221107;000000;20910.0000000;21074.8000000;20400.0000000;20597.4000000;3017
KRME.XXBTZUSD;D;20221108;000000;20592.0000000;20670.4000000;17276.2000000;18544.8000000;16665
KRME.XXBTZUSD;D;20221109;000000;18544.8000000;18577.0000000;15555.0000000;15863.7000000;15943
KRME.XXBTZUSD;D;20221110;000000;15878.7000000;18155.5000000;15732.8000000;17557.2000000;13565
KRME.XXBTZUSD;D;20221111;000000;17555.0000000;17638.0000000;16350.0000000;17009.4000000;7365
KRME.XXBTZUSD;D;20221112;000000;17009.5000000;17066.8000000;16600.0000000;16775.9000000;1715
KRME.XXBTZUSD;D;20221113;000000;16777.0000000;16928.4000000;16222.9000000;16310.0000000;2200
KRME.XXBTZUSD;D;20221114;000000;16310.0000000;17149.7000000;15800.3000000;16585.9000000;5459
KRME.XXBTZUSD;D;20221115;000000;16585.8000000;17098.4000000;16514.1000000;16877.3000000;3911
KRME.XXBTZUSD;D;20221116;000000;16877.4000000;16984.0000000;16370.0000000;16664.0000000;3498
KRME.XXBTZUSD;D;20221117;000000;16658.4000000;16742.3000000;16409.4000000;16681.7000000;2690
KRME.XXBTZUSD;D;20221118;000000;16685.2000000;16979.9000000;16540.8000000;16682.8000000;2788
KRME.XXBTZUSD;D;20221119;000000;16682.7000000;16795.9000000;16550.0000000;16682.3000000;1065
KRME.XXBTZUSD;D;20221120;000000;16684.0000000;16728.7000000;16156.8000000;16264.6000000;1645
KRME.XXBTZUSD;D;20221121;000000;16264.5000000;16283.6000000;15470.5000000;15760.0000000;5944
KRME.XXBTZUSD;D;20221122;000000;15759.7000000;16277.6000000;15582.7000000;16195.0000000;3824
KRME.XXBTZUSD;D;20221123;000000;16198.3000000;16690.0000000;16150.9000000;16599.3000000;3328
KRME.XXBTZUSD;D;20221124;000000;16597.2000000;16791.4000000;16451.5000000;16595.1000000;1786
KRME.XXBTZUSD;D;20221125;000000;16591.7000000;16600.0000000;16347.6000000;16512.1000000;1622
KRME.XXBTZUSD;D;20221126;000000;16514.9000000;16689.0000000;16390.6000000;16452.7000000;1304
KRME.XXBTZUSD;D;20221127;000000;16451.9000000;16588.6000000;16395.3000000;16420.2000000;1322
KRME.XXBTZUSD;D;20221128;000000;16420.2000000;16474.9000000;16000.0000000;16207.5000000;3528
KRME.XXBTZUSD;D;20221129;000000;16207.0000000;16539.0000000;16095.5000000;16428.8000000;3609
KRME.XXBTZUSD;D;20221130;000000;16428.8000000;17250.0000000;16420.2000000;17166.9000000;3970
KRME.XXBTZUSD;D;20221201;000000;17170.6000000;17319.9000000;16870.4000000;16969.9000000;1987
KRME.XXBTZUSD;D;20221202;000000;16971.6000000;17100.1000000;16784.2000000;17088.8000000;2228
KRME.XXBTZUSD;D;20221203;000000;17088.7000000;17171.7000000;16870.5000000;16895.2000000;946
KRME.XXBTZUSD;D;20221204;000000;16895.1000000;17199.0000000;16886.0000000;17118.8000000;1210
KRME.XXBTZUSD;D;20221205;000000;17116.4000000;17440.0000000;16888.0000000;16966.0000000;3021
KRME.XXBTZUSD;D;20221206;000000;16968.9000000;17100.0000000;16915.1000000;17084.7000000;1990
KRME.XXBTZUSD;D;20221207;000000;17087.5000000;17130.0000000;16700.0000000;16837.3000000;1957
KRME.XXBTZUSD;D;20221208;000000;16836.9000000;17298.9000000;16735.9000000;17228.5000000;2504
KRME.XXBTZUSD;D;20221209;000000;17228.0000000;17366.2000000;17066.6000000;17131.1000000;2151
KRME.XXBTZUSD;D;20221210;000000;17131.3000000;17226.8000000;17096.1000000;17124.0000000;605
KRME.XXBTZUSD;D;20221211;000000;17125.0000000;17269.9000000;17070.4000000;17085.8000000;787
KRME.XXBTZUSD;D;20221212;000000;17088.2000000;17247.8000000;16880.0000000;17207.3000000;2463
KRME.XXBTZUSD;D;20221213;000000;17209.5000000;18070.0000000;17090.0000000;17769.1000000;4688
KRME.XXBTZUSD;D;20221214;000000;17769.2000000;18387.5000000;17657.4000000;17804.9000000;4096
KRME.XXBTZUSD;D;20221215;000000;17804.2000000;17853.8000000;17261.4000000;17361.5000000;3157
KRME.XXBTZUSD;D;20221216;000000;17360.9000000;17533.9000000;16541.0000000;16631.0000000;4030
KRME.XXBTZUSD;D;20221217;000000;16631.1000000;16795.0000000;16576.6000000;16782.9000000;1254
KRME.XXBTZUSD;D;20221218;000000;16782.8000000;16865.7000000;16669.1000000;16746.6000000;877
KRME.XXBTZUSD;D;20221219;000000;16745.5000000;16818.9000000;16260.2000000;16440.2000000;2846
KRME.XXBTZUSD;D;20221220;000000;16441.4000000;17067.8000000;16399.9000000;16904.8000000;3103
KRME.XXBTZUSD;D;20221221;000000;16897.4000000;16922.7000000;16729.9000000;16829.4000000;1745
KRME.XXBTZUSD;D;20221222;000000;16823.5000000;16860.0000000;16565.9000000;16816.8000000;2066
KRME.XXBTZUSD;D;20221223;000000;16816.8000000;16949.9000000;16749.9000000;16779.4000000;1974
KRME.XXBTZUSD;D;20221224;000000;16779.3000000;16848.0000000;16776.4000000;16836.7000000;935
KRME.XXBTZUSD;D;20221225;000000;16836.7000000;16847.9000000;16725.4000000;16824.9000000;694
KRME.XXBTZUSD;D;20221226;000000;16824.9000000;16920.0000000;16801.0000000;16914.5000000;1278
KRME.XXBTZUSD;D;20221227;000000;16914.5000000;16962.3000000;16590.1000000;16698.0000000;1931
KRME.XXBTZUSD;D;20221228;000000;16698.0000000;16769.9000000;16453.2000000;16541.6000000;2242
KRME.XXBTZUSD;D;20221229;000000;16541.6000000;16644.3000000;16487.0000000;16628.8000000;1400
KRME.XXBTZUSD;D;20221230;000000;16628.9000000;16683.9000000;16325.2000000;16599.9000000;1988
KRME.XXBTZUSD;D;20221231;000000;16600.0000000;16629.7000000;16464.1000000;16528.2000000;1846
KRME.XXBTZUSD;D;20230101;000000;16528.7000000;16618.7000000;16490.0000000;16614.9000000;1386
KRME.XXBTZUSD;D;20230102;000000;16615.0000000;16777.7000000;16550.0000000;16669.2000000;969
KRME.XXBTZUSD;D;20230103;000000;16668.3000000;16770.2000000;16599.6000000;16669.3000000;2013
KRME.XXBTZUSD;D;20230104;000000;16669.7000000;16987.4000000;16650.1000000;16848.9000000;2317
KRME.XXBTZUSD;D;20230105;000000;16849.3000000;16873.3000000;16752.7000000;16824.9000000;1458
KRME.XXBTZUSD;D;20230106;000000;16825.7000000;17036.0000000;16680.0000000;16951.1000000;2186
KRME.XXBTZUSD;D;20230107;000000;16951.1000000;16974.9000000;16907.7000000;16945.0000000;606
KRME.XXBTZUSD;D;20230108;000000;16945.1000000;17163.2000000;16910.5000000;17127.7000000;1122
KRME.XXBTZUSD;D;20230109;000000;17125.8000000;17391.9000000;17105.6000000;17181.8000000;2639
KRME.XXBTZUSD;D;20230110;000000;17181.8000000;17491.8000000;17150.4000000;17443.1000000;2526
KRME.XXBTZUSD;D;20230111;000000;17443.1000000;17983.4000000;17308.8000000;17943.0000000;3279
KRME.XXBTZUSD;D;20230112;000000;17943.0000000;19098.0000000;17912.9000000;18854.8000000;6096
KRME.XXBTZUSD;D;20230113;000000;18855.5000000;19990.0000000;18720.6000000;19930.0000000;4627
KRME.XXBTZUSD;D;20230114;000000;19930.1000000;21400.0000000;19910.0000000;20959.0000000;5724
KRME.XXBTZUSD;D;20230115;000000;20960.9000000;21066.9000000;20527.3000000;20877.0000000;1550
KRME.XXBTZUSD;D;20230116;000000;20879.4000000;21484.9000000;20620.1000000;21191.3000000;3279
KRME.XXBTZUSD;D;20230117;000000;21189.3000000;21679.1000000;20864.0000000;21148.7000000;3221
KRME.XXBTZUSD;D;20230118;000000;21148.6000000;21639.9000000;20395.5000000;20680.0000000;7504
KRME.XXBTZUSD;D;20230119;000000;20672.0000000;21207.0000000;20658.6000000;21084.2000000;2594
KRME.XXBTZUSD;D;20230120;000000;21084.1000000;22747.5000000;20880.1000000;22682.1000000;4496
KRME.XXBTZUSD;D;20230121;000000;22682.1000000;23428.6000000;22440.3000000;22781.0000000;5484
KRME.XXBTZUSD;D;20230122;000000;22785.6000000;23108.5000000;22301.2000000;22717.1000000;3104
KRME.XXBTZUSD;D;20230123;000000;22717.1000000;23166.6000000;22520.1000000;22926.1000000;3003
KRME.XXBTZUSD;D;20230124;000000;22926.0000000;23158.7000000;22455.9000000;22633.8000000;3071
KRME.XXBTZUSD;D;20230125;000000;22636.0000000;23829.3000000;22320.0000000;23056.5000000;5014
KRME.XXBTZUSD;D;20230126;000000;23063.2000000;23293.3000000;22857.5000000;23010.6000000;3737
KRME.XXBTZUSD;D;20230127;000000;23010.6000000;23500.0000000;22492.8000000;23077.5000000;3416
KRME.XXBTZUSD;D;20230128;000000;23079.9000000;23191.9000000;22900.0000000;23031.1000000;1004
KRME.XXBTZUSD;D;20230129;000000;23031.2000000;23950.0000000;22980.1000000;23751.0000000;3390
KRME.XXBTZUSD;D;20230130;000000;23751.0000000;23798.7000000;22519.2000000;22835.1000000;3947
KRME.XXBTZUSD;D;20230131;000000;22835.0000000;23317.9000000;22724.5000000;23134.9000000;2438
KRME.XXBTZUSD;D;20230201;000000;23135.0000000;23809.2000000;22753.6000000;23732.6000000;4095
KRME.XXBTZUSD;D;20230202;000000;23735.3000000;24282.1000000;23383.7000000;23489.6000000;5471
KRME.XXBTZUSD;D;20230203;000000;23498.0000000;23722.0000000;23221.0000000;23437.0000000;3074
KRME.XXBTZUSD;D;20230204;000000;23437.1000000;23589.8000000;23270.5000000;23327.3000000;1530
KRME.XXBTZUSD;D;20230205;000000;23329.3000000;23428.8000000;22758.4000000;22937.8000000;2337
KRME.XXBTZUSD;D;20230206;000000;22938.2000000;23150.0000000;22599.9000000;22766.3000000;3069
KRME.XXBTZUSD;D;20230207;000000;22765.5000000;23347.7000000;22750.1000000;23253.2000000;2504
KRME.XXBTZUSD;D;20230208;000000;23253.3000000;23450.0000000;22675.5000000;22964.8000000;2329
KRME.XXBTZUSD;D;20230209;000000;22963.6000000;23008.2000000;21700.0000000;21792.0000000;4417
KRME.XXBTZUSD;D;20230210;000000;21792.0000000;21939.9000000;21475.0000000;21639.8000000;2767
KRME.XXBTZUSD;D;20230211;000000;21638.2000000;21909.8000000;21610.9000000;21868.2000000;1349
KRME.XXBTZUSD;D;20230212;000000;21868.2000000;22099.9000000;21640.1000000;21786.0000000;1108
KRME.XXBTZUSD;D;20230213;000000;21786.0000000;21902.2000000;21359.1000000;21791.2000000;2504
KRME.XXBTZUSD;D;20230214;000000;21790.5000000;22331.3000000;21505.0000000;22213.1000000;2688
KRME.XXBTZUSD;D;20230215;000000;22213.2000000;24366.4000000;22038.5000000;24334.5000000;5593
KRME.XXBTZUSD;D;20230216;000000;24340.9000000;25275.7000000;23500.0000000;23521.5000000;6403
KRME.XXBTZUSD;D;20230217;000000;23521.5000000;25010.5000000;23340.4000000;24572.3000000;5277
KRME.XXBTZUSD;D;20230218;000000;24572.4000000;24872.7000000;24434.7000000;24643.7000000;1241
KRME.XXBTZUSD;D;20230219;000000;24643.8000000;25190.0000000;24178.3000000;24287.2000000;2747
KRME.XXBTZUSD;D;20230220;000000;24287.1000000;25117.9000000;23867.9000000;24839.8000000;3648
KRME.XXBTZUSD;D;20230221;000000;24839.9000000;25250.0000000;24154.4000000;24442.1000000;5583
KRME.XXBTZUSD;D;20230222;000000;24442.0000000;24442.7000000;23600.0000000;24186.6000000;4958
KRME.XXBTZUSD;D;20230223;000000;24187.7000000;24602.8000000;23615.3000000;23942.4000000;5272
KRME.XXBTZUSD;D;20230224;000000;23946.4000000;24134.3000000;22800.8000000;23193.8000000;4087
KRME.XXBTZUSD;D;20230225;000000;23193.7000000;23224.9000000;22739.9000000;23167.3000000;1904
KRME.XXBTZUSD;D;20230226;000000;23167.3000000;23685.1000000;23066.7000000;23564.5000000;2683
KRME.XXBTZUSD;D;20230227;000000;23564.4000000;23885.4000000;23108.4000000;23494.4000000;3316
KRME.XXBTZUSD;D;20230228;000000;23491.1000000;23599.0000000;23042.0000000;23133.2000000;2631
KRME.XXBTZUSD;D;20230301;000000;23133.2000000;23977.0000000;23044.0000000;23634.9000000;3264
KRME.XXBTZUSD;D;20230302;000000;23633.7000000;23808.0000000;23202.0000000;23466.5000000;2928
KRME.XXBTZUSD;D;20230303;000000;23466.6000000;23478.5000000;22000.0000000;22356.1000000;4363
KRME.XXBTZUSD;D;20230304;000000;22356.0000000;22401.0000000;22168.5000000;22348.5000000;964
KRME.XXBTZUSD;D;20230305;000000;22348.4000000;22667.2000000;22212.1000000;22426.9000000;1196
KRME.XXBTZUSD;D;20230306;000000;22428.1000000;22600.0000000;22277.1000000;22409.4000000;1585
KRME.XXBTZUSD;D;20230307;000000;22409.3000000;22554.6000000;21904.3000000;22196.9000000;2671
KRME.XXBTZUSD;D;20230308;000000;22194.8000000;22267.9000000;21600.0000000;21699.1000000;2470
KRME.XXBTZUSD;D;20230309;000000;21696.5000000;21819.0000000;20042.3000000;20363.6000000;5816
KRME.XXBTZUSD;D;20230310;000000;20363.7000000;20364.0000000;19549.9000000;20224.7000000;7995
KRME.XXBTZUSD;D;20230311;000000;20224.7000000;20879.0000000;19888.0000000;20616.4000000;9204
KRME.XXBTZUSD;D;20230312;000000;20619.7000000;22299.9000000;20440.3000000;22157.5000000;7386
KRME.XXBTZUSD;D;20230313;000000;22165.1000000;24599.0000000;21867.8000000;24208.3000000;13437
KRME.XXBTZUSD;D;20230314;000000;24214.2000000;26526.0000000;24051.0000000;24753.4000000;12904
KRME.XXBTZUSD;D;20230315;000000;24753.4000000;25300.0000000;23913.3000000;24372.6000000;7630
KRME.XXBTZUSD;D;20230316;000000;24374.8000000;25213.0000000;24210.8000000;25053.7000000;6017
KRME.XXBTZUSD;D;20230317;000000;25053.7000000;27839.2000000;24947.7000000;27447.7000000;11245
KRME.XXBTZUSD;D;20230318;000000;27451.7000000;27795.0000000;26606.0000000;26964.6000000;7435
KRME.XXBTZUSD;D;20230319;000000;26967.3000000;28450.0000000;26890.1000000;28049.9000000;7254
KRME.XXBTZUSD;D;20230320;000000;28055.7000000;28590.6000000;27222.0000000;27773.0000000;9053
KRME.XXBTZUSD;D;20230321;000000;27770.0000000;28473.5000000;27341.0000000;28154.1000000;6092
KRME.XXBTZUSD;D;20230322;000000;28158.2000000;28879.9000000;26623.8000000;27300.0000000;10224
KRME.XXBTZUSD;D;20230323;000000;27300.1000000;28798.9000000;27172.6000000;28321.4000000;7721
KRME.XXBTZUSD;D;20230324;000000;28321.3000000;28399.7000000;27007.7000000;27491.0000000;6586
KRME.XXBTZUSD;D;20230325;000000;27491.1000000;27829.7000000;27163.9000000;27490.5000000;2775
KRME.XXBTZUSD;D;20230326;000000;27489.9000000;28240.4000000;27438.1000000;28000.0000000;2957
KRME.XXBTZUSD;D;20230327;000000;27998.3000000;28038.0000000;26491.9000000;27134.5000000;5711
KRME.XXBTZUSD;D;20230328;000000;27132.6000000;27521.4000000;26600.0000000;27267.6000000;3924
KRME.XXBTZUSD;D;20230329;000000;27267.5000000;28629.4000000;27258.4000000;28358.2000000;5911
KRME.XXBTZUSD;D;20230330;000000;28358.2000000;29190.0000000;27700.0000000;28034.0000000;6069
KRME.XXBTZUSD;D;20230331;000000;28032.8000000;28648.2000000;27520.0000000;28466.8000000;4738
KRME.XXBTZUSD;D;20230401;000000;28468.2000000;28800.0000000;28220.0000000;28462.8000000;2296
KRME.XXBTZUSD;D;20230402;000000;28463.4000000;28530.0000000;27850.1000000;28185.0000000;1972
KRME.XXBTZUSD;D;20230403;000000;28181.5000000;28500.0000000;27212.7000000;27800.7000000;5159
KRME.XXBTZUSD;D;20230404;000000;27800.0000000;28429.0000000;27668.8000000;28175.5000000;2763
KRME.XXBTZUSD;D;20230405;000000;28173.0000000;28792.3000000;27813.1000000;28179.1000000;4402
KRME.XXBTZUSD;D;20230406;000000;28179.0000000;28194.9000000;27700.0000000;28040.0000000;2509
KRME.XXBTZUSD;D;20230407;000000;28040.0000000;28111.3000000;27783.1000000;27922.9000000;1324
KRME.XXBTZUSD;D;20230408;000000;27923.0000000;28170.0000000;27886.0000000;27956.0000000;812
KRME.XXBTZUSD;D;20230409;000000;27955.9000000;28548.7000000;27812.2000000;28333.7000000;1685
KRME.XXBTZUSD;D;20230410;000000;28333.8000000;29800.0000000;28170.0000000;29655.0000000;5345
KRME.XXBTZUSD;D;20230411;000000;29654.9000000;30586.0000000;29615.0000000;30227.6000000;5625
KRME.XXBTZUSD;D;20230412;000000;30227.7000000;30505.5000000;29645.8000000;29895.2000000;4568
KRME.XXBTZUSD;D;20230413;000000;29895.2000000;30650.8000000;29873.9000000;30405.9000000;3985
KRME.XXBTZUSD;D;20230414;000000;30406.0000000;31050.0000000;30000.0000000;30493.2000000;5107
KRME.XXBTZUSD;D;20230415;000000;30493.2000000;30624.1000000;30250.0000000;30315.9000000;1576
KRME.XXBTZUSD;D;20230416;000000;30315.9000000;30555.6000000;30145.0000000;30316.0000000;1432
KRME.XXBTZUSD;D;20230417;000000;30316.1000000;30319.3000000;29267.0000000;29449.2000000;3765
KRME.XXBTZUSD;D;20230418;000000;29449.3000000;30480.8000000;29123.0000000;30388.8000000;4907
KRME.XXBTZUSD;D;20230419;000000;30386.8000000;30410.5000000;28577.0000000;28814.0000000;5836
KRME.XXBTZUSD;D;20230420;000000;28814.3000000;29098.7000000;28009.0000000;28241.5000000;4828
KRME.XXBTZUSD;D;20230421;000000;28245.7000000;28361.9000000;27146.2000000;27264.3000000;4833
KRME.XXBTZUSD;D;20230422;000000;27264.4000000;27892.2000000;27137.5000000;27818.8000000;1865
KRME.XXBTZUSD;D;20230423;000000;27818.7000000;27818.8000000;27344.0000000;27589.7000000;1565
KRME.XXBTZUSD;D;20230424;000000;27588.1000000;28000.0000000;26969.4000000;27518.6000000;3749
KRME.XXBTZUSD;D;20230425;000000;27518.5000000;28385.0000000;27189.0000000;28300.9000000;3871
KRME.XXBTZUSD;D;20230426;000000;28300.9000000;30037.3000000;27258.4000000;28424.9000000;9243
KRME.XXBTZUSD;D;20230427;000000;28425.0000000;29882.1000000;28392.9000000;29472.4000000;6136
KRME.XXBTZUSD;D;20230428;000000;29476.8000000;29605.0000000;28904.6000000;29323.9000000;3736
KRME.XXBTZUSD;D;20230429;000000;29323.9000000;29459.8000000;29015.0000000;29240.6000000;1582
KRME.XXBTZUSD;D;20230430;000000;29240.7000000;29975.0000000;29103.0000000;29243.1000000;4206
KRME.XXBTZUSD;D;20230501;000000;29245.3000000;29330.9000000;27643.2000000;28074.1000000;4840
KRME.XXBTZUSD;D;20230502;000000;28076.6000000;28937.5000000;27877.9000000;28677.1000000;3600
KRME.XXBTZUSD;D;20230503;000000;28678.8000000;29267.5000000;28135.0000000;29033.3000000;3958
KRME.XXBTZUSD;D;20230504;000000;29034.5000000;29372.0000000;28699.6000000;28852.7000000;3075
KRME.XXBTZUSD;D;20230505;000000;28852.9000000;29697.4000000;28829.8000000;29530.2000000;4042
KRME.XXBTZUSD;D;20230506;000000;29530.3000000;29868.1000000;28338.0000000;28901.7000000;2949
KRME.XXBTZUSD;D;20230507;000000;28901.6000000;29191.8000000;28438.4000000;28468.0000000;1833
KRME.XXBTZUSD;D;20230508;000000;28466.8000000;28662.8000000;27282.1000000;27693.2000000;4225
KRME.XXBTZUSD;D;20230509;000000;27693.7000000;27824.5000000;27367.8000000;27635.0000000;3352
KRME.XXBTZUSD;D;20230510;000000;27635.1000000;28334.2000000;26792.9000000;27617.8000000;5294
KRME.XXBTZUSD;D;20230511;000000;27615.6000000;27645.9000000;26720.0000000;26979.3000000;3143
KRME.XXBTZUSD;D;20230512;000000;26977.9000000;27102.1000000;25827.4000000;26800.0000000;5647
KRME.XXBTZUSD;D;20230513;000000;26800.0000000;27105.5000000;26700.6000000;26786.3000000;1545
KRME.XXBTZUSD;D;20230514;000000;26788.4000000;27194.7000000;26600.0000000;26923.0000000;1134
KRME.XXBTZUSD;D;20230515;000000;26922.2000000;27677.0000000;26727.8000000;27167.6000000;4178
KRME.XXBTZUSD;D;20230516;000000;27166.2000000;27301.2000000;26850.1000000;27036.0000000;2537
KRME.XXBTZUSD;D;20230517;000000;27036.0000000;27500.0000000;26550.0000000;27402.3000000;3853
KRME.XXBTZUSD;D;20230518;000000;27402.3000000;27474.3000000;26345.0000000;26817.9000000;3725
KRME.XXBTZUSD;D;20230519;000000;26819.0000000;27174.8000000;26635.3000000;26887.4000000;2131
KRME.XXBTZUSD;D;20230520;000000;26887.4000000;27155.0000000;26834.2000000;27111.4000000;1023
KRME.XXBTZUSD;D;20230521;000000;27111.1000000;27270.0000000;26667.4000000;26750.6000000;1809
KRME.XXBTZUSD;D;20230522;000000;26749.5000000;27096.0000000;26512.4000000;26854.8000000;2006
KRME.XXBTZUSD;D;20230523;000000;26855.4000000;27511.7000000;26807.3000000;27221.5000000;2631
KRME.XXBTZUSD;D;20230524;000000;27221.5000000;27235.4000000;26069.1000000;26327.7000000;3611
KRME.XXBTZUSD;D;20230525;000000;26327.8000000;26607.4000000;25865.0000000;26476.5000000;2595
KRME.XXBTZUSD;D;20230526;000000;26476.6000000;26940.3000000;26338.0000000;26706.3000000;2920
KRME.XXBTZUSD;D;20230527;000000;26715.9000000;26900.0000000;26554.8000000;26873.7000000;1616
KRME.XXBTZUSD;D;20230528;000000;26873.7000000;28257.0000000;26788.7000000;28090.0000000;3638
KRME.XXBTZUSD;D;20230529;000000;28090.0000000;28450.0000000;27550.0000000;27741.3000000;2936
KRME.XXBTZUSD;D;20230530;000000;27741.4000000;28047.0000000;27559.8000000;27699.2000000;3441
KRME.XXBTZUSD;D;20230531;000000;27699.2000000;27828.6000000;26841.3000000;27216.2000000;3516
KRME.XXBTZUSD;D;20230601;000000;27215.1000000;27341.5000000;26571.5000000;26814.8000000;2849
KRME.XXBTZUSD;D;20230602;000000;26815.4000000;27312.2000000;26500.1000000;27253.2000000;2815
KRME.XXBTZUSD;D;20230603;000000;27253.1000000;27344.6000000;26931.8000000;27071.9000000;1059
KRME.XXBTZUSD;D;20230604;000000;27072.0000000;27489.0000000;26967.0000000;27122.9000000;904
KRME.XXBTZUSD;D;20230605;000000;27122.9000000;27128.0000000;25400.0000000;25721.0000000;5591
KRME.XXBTZUSD;D;20230606;000000;25724.8000000;27368.4000000;25369.0000000;27240.1000000;5960
KRME.XXBTZUSD;D;20230607;000000;27240.0000000;27387.3000000;26131.7000000;26352.3000000;4506
KRME.XXBTZUSD;D;20230608;000000;26352.3000000;26831.0000000;26221.7000000;26506.7000000;2484
KRME.XXBTZUSD;D;20230609;000000;26506.7000000;26784.4000000;26275.4000000;26484.1000000;1976
KRME.XXBTZUSD;D;20230610;000000;26484.1000000;26530.8000000;25400.0000000;25851.0000000;4579
KRME.XXBTZUSD;D;20230611;000000;25851.0000000;26200.0000000;25659.0000000;25929.0000000;1483
KRME.XXBTZUSD;D;20230612;000000;25929.1000000;26098.3000000;25620.2000000;25904.8000000;2140
KRME.XXBTZUSD;D;20230613;000000;25904.8000000;26399.9000000;25713.4000000;25932.9000000;2652
KRME.XXBTZUSD;D;20230614;000000;25928.7000000;26064.8000000;24818.0000000;25123.9000000;4184
KRME.XXBTZUSD;D;20230615;000000;25124.0000000;25743.8000000;24751.1000000;25577.1000000;4429
KRME.XXBTZUSD;D;20230616;000000;25577.0000000;26497.0000000;25140.0000000;26323.0000000;3755
KRME.XXBTZUSD;D;20230617;000000;26323.0000000;26793.8000000;26175.0000000;26511.8000000;1776
KRME.XXBTZUSD;D;20230618;000000;26511.9000000;26685.1000000;26253.2000000;26334.7000000;1331
KRME.XXBTZUSD;D;20230619;000000;26334.7000000;27041.8000000;26262.7000000;26840.0000000;3533
KRME.XXBTZUSD;D;20230620;000000;26840.1000000;28400.0000000;26650.0000000;28308.9000000;7480
KRME.XXBTZUSD;D;20230621;000000;28308.8000000;30794.9000000;28280.3000000;29992.0000000;9785
KRME.XXBTZUSD;D;20230622;000000;29986.8000000;30460.0000000;29550.0000000;29900.0000000;6040
KRME.XXBTZUSD;D;20230623;000000;29900.1000000;31435.3000000;29820.0000000;30687.7000000;6259
KRME.XXBTZUSD;D;20230624;000000;30687.7000000;30812.3000000;30254.6000000;30542.4000000;2005
KRME.XXBTZUSD;D;20230625;000000;30542.4000000;31025.4000000;30469.8000000;30609.1000000;671
